{
  "meta" : {
    "view" : {
      "id" : "yef5-h88r",
      "name" : "Public Art",
      "averageRating" : 0,
      "createdAt" : 1339713152,
      "description" : "Location and descriptions of public works of art",
      "displayType" : "table",
      "downloadCount" : 780,
      "indexUpdatedAt" : 1414777382,
      "newBackend" : false,
      "numberOfComments" : 0,
      "oid" : 837646,
      "publicationAppendEnabled" : false,
      "publicationDate" : 1341784505,
      "publicationGroup" : 360565,
      "publicationStage" : "published",
      "rowsUpdatedAt" : 1341784473,
      "rowsUpdatedBy" : "gcjf-354x",
      "tableId" : 376534,
      "totalTimesRated" : 0,
      "viewCount" : 1040,
      "viewLastModified" : 1341784505,
      "viewType" : "tabular",
      "columns" : [ {
        "id" : -1,
        "name" : "sid",
        "dataTypeName" : "meta_data",
        "fieldName" : ":sid",
        "position" : 0,
        "renderTypeName" : "meta_data",
        "format" : {
        }
      }, {
        "id" : -1,
        "name" : "id",
        "dataTypeName" : "meta_data",
        "fieldName" : ":id",
        "position" : 0,
        "renderTypeName" : "meta_data",
        "format" : {
        }
      }, {
        "id" : -1,
        "name" : "position",
        "dataTypeName" : "meta_data",
        "fieldName" : ":position",
        "position" : 0,
        "renderTypeName" : "meta_data",
        "format" : {
        }
      }, {
        "id" : -1,
        "name" : "created_at",
        "dataTypeName" : "meta_data",
        "fieldName" : ":created_at",
        "position" : 0,
        "renderTypeName" : "meta_data",
        "format" : {
        }
      }, {
        "id" : -1,
        "name" : "created_meta",
        "dataTypeName" : "meta_data",
        "fieldName" : ":created_meta",
        "position" : 0,
        "renderTypeName" : "meta_data",
        "format" : {
        }
      }, {
        "id" : -1,
        "name" : "updated_at",
        "dataTypeName" : "meta_data",
        "fieldName" : ":updated_at",
        "position" : 0,
        "renderTypeName" : "meta_data",
        "format" : {
        }
      }, {
        "id" : -1,
        "name" : "updated_meta",
        "dataTypeName" : "meta_data",
        "fieldName" : ":updated_meta",
        "position" : 0,
        "renderTypeName" : "meta_data",
        "format" : {
        }
      }, {
        "id" : -1,
        "name" : "meta",
        "dataTypeName" : "meta_data",
        "fieldName" : ":meta",
        "position" : 0,
        "renderTypeName" : "meta_data",
        "format" : {
        }
      }, {
        "id" : 12638421,
        "name" : "creator",
        "dataTypeName" : "text",
        "fieldName" : "creator",
        "position" : 1,
        "renderTypeName" : "text",
        "tableColumnId" : 3165089,
        "width" : 184,
        "cachedContents" : {
          "non_null" : 144,
          "smallest" : "after Goreemon Ono",
          "null" : 55,
          "largest" : "Yoshinari Kochi",
          
        },
        "format" : {
        }
      }, {
        "id" : 12638422,
        "name" : "credit",
        "dataTypeName" : "text",
        "fieldName" : "credit",
        "position" : 2,
        "renderTypeName" : "text",
        "tableColumnId" : 3246335,
        "width" : 100,
        "cachedContents" : {
          "non_null" : 150,
          "smallest" : "City and County of Honolulu Purcahse",
          "null" : 49,
          "largest" : "Transfer from the State of Hawaii",
          
        },
        "format" : {
        }
      }, {
        "id" : 12638423,
        "name" : "date",
        "dataTypeName" : "number",
        "fieldName" : "date",
        "position" : 3,
        "renderTypeName" : "number",
        "tableColumnId" : 3165090,
        "width" : 148,
        "cachedContents" : {
          "non_null" : 184,
          "smallest" : "1500",
          "sum" : "382052",
          "null" : 15,
          "average" : "2076.369565217391",
          "largest" : "19919",
          
        },
        "format" : {
        }
      }, {
        "id" : 12638424,
        "name" : "description",
        "dataTypeName" : "text",
        "fieldName" : "description",
        "position" : 4,
        "renderTypeName" : "text",
        "tableColumnId" : 3165091,
        "width" : 232,
        "cachedContents" : {
          "non_null" : 199,
          "smallest" : "\"In commemoration of the 100th anniversary of Kapiolani Park a time capsule was deposited on this day, June 11, 1977, to be opened on June 11, 2077. Frank F. Fasi, Mayor, City & County of Honolulu. Young Suk Ko, Director of Parks and Recreation.\" The time capsule is located in the ruins of an old lily pond. Located in Kapiolani Park near the Kapiolani Park Bandstand.",
          "null" : 0,
          "largest" : "Wool and linen tapestry.",
          
        },
        "format" : {
        }
      }, {
        "id" : 12638425,
        "name" : "locationname",
        "dataTypeName" : "text",
        "fieldName" : "location",
        "position" : 5,
        "renderTypeName" : "text",
        "tableColumnId" : 3165092,
        "width" : 196,
        "cachedContents" : {
          "non_null" : 199,
          "smallest" : "12th Avenue near Waialae Avenue",
          "null" : 0,
          "largest" : "Waimanalo District Park Multi-Sport Building Exterior",
          
        },
        "format" : {
          "align" : "left"
        }
      }, {
        "id" : 12638426,
        "name" : "imagefile",
        "dataTypeName" : "text",
        "fieldName" : "imagefile",
        "position" : 6,
        "renderTypeName" : "text",
        "tableColumnId" : 3165093,
        "width" : 208,
        "cachedContents" : {
          "non_null" : 199,
          "smallest" : "http://hiculturearts.pastperfect-online.com/34250images/001/002_196901-3.JPG",
          "null" : 0,
          "largest" : "http://hiculturearts.pastperfect-online.com/34250images/004/L200701-2.JPG",
          
        },
        "format" : {
        }
      }, {
        "id" : 12638427,
        "name" : "objectid",
        "dataTypeName" : "text",
        "fieldName" : "objectid",
        "position" : 7,
        "renderTypeName" : "text",
        "tableColumnId" : 3165094,
        "width" : 196,
        "cachedContents" : {
          "non_null" : 199,
          "smallest" : "1927.01",
          "null" : 0,
          "largest" : "L2007.01",
          
        },
        "format" : {
        }
      }, {
        "id" : 12638428,
        "name" : "discipline",
        "dataTypeName" : "text",
        "fieldName" : "discipline",
        "position" : 8,
        "renderTypeName" : "text",
        "tableColumnId" : 3165095,
        "width" : 220,
        "cachedContents" : {
          "non_null" : 199,
          "smallest" : "Bell",
          "null" : 0,
          "largest" : "Window",
          
        },
        "format" : {
          "align" : "left"
        }
      }, {
        "id" : 12638429,
        "name" : "title",
        "dataTypeName" : "text",
        "fieldName" : "title",
        "position" : 9,
        "renderTypeName" : "text",
        "tableColumnId" : 3165096,
        "width" : 160,
        "cachedContents" : {
          "non_null" : 187,
          "smallest" : "100th Anniversay of Kapiolani Park",
          "null" : 12,
          "largest" : "Whooping Cranes",
          
        },
        "format" : {
        }
      }, {
        "id" : 12638430,
        "name" : "access",
        "dataTypeName" : "text",
        "fieldName" : "access",
        "position" : 10,
        "renderTypeName" : "text",
        "tableColumnId" : 3165097,
        "width" : 172,
        "cachedContents" : {
          "non_null" : 199,
          "smallest" : "Full",
          "null" : 0,
          "largest" : "Limited",
          
        },
        "format" : {
        }
      }, {
        "id" : 12638432,
        "name" : "longitude",
        "dataTypeName" : "number",
        "fieldName" : "longitude",
        "position" : 12,
        "renderTypeName" : "number",
        "tableColumnId" : 3165099,
        "width" : 208,
        "cachedContents" : {
          "non_null" : 199,
          "smallest" : "-158.193043",
          "sum" : "-31415.288473",
          "null" : 0,
          "average" : "-157.8657712211055",
          "largest" : "-157.677796",
          
        },
        "format" : {
        }
      }, {
        "id" : 12638433,
        "name" : "location",
        "dataTypeName" : "location",
        "fieldName" : "artloc",
        "position" : 13,
        "renderTypeName" : "location",
        "tableColumnId" : 3165175,
        "width" : 100,
        "cachedContents" : {
          "non_null" : 199,
          "smallest" : {
            "longitude" : "-157.85131",
            "latitude" : "21.290824"
          },
          "null" : 0,
          "largest" : {
            "longitude" : "-157.848872",
            "latitude" : "21.30346"
          },
          
        },
        "format" : {
          "view" : "address_coords",
          "align" : "left"
        },
        "subColumnTypes" : [ "human_address", "latitude", "longitude", "machine_address", "needs_recoding" ]
      }, {
        "id" : 12638434,
        "name" : "thumb",
        "dataTypeName" : "text",
        "fieldName" : "thumb",
        "position" : 14,
        "renderTypeName" : "text",
        "tableColumnId" : 3166707,
        "width" : 100,
        "cachedContents" : {
          "non_null" : 0,
          "null" : 199
        },
        "format" : {
        }
      } ],
      "grants" : [ {
        "inherited" : false,
        "type" : "viewer",
        "flags" : [ "public" ]
      } ],
      "metadata" : {
        "renderTypeConfig" : {
          "visible" : {
            "table" : true
          }
        },
        "availableDisplayTypes" : [ "table", "fatrow", "page" ]
      },
      "owner" : {
        "id" : "gcjf-354x",
        "displayName" : "Mick Thompson",
        "screenName" : "Mick Thompson"
      },
      "query" : {
      },
      "rights" : [ "read" ],
      "tableAuthor" : {
        "id" : "gcjf-354x",
        "displayName" : "Mick Thompson",
        "screenName" : "Mick Thompson"
      },
      "flags" : [ "default" ]
    }
  },
  "data" : [  [ 181, "75D4CC91-D7DF-460C-A19C-D38035B3DA03", 181, 1340413921, "436621", 1340413921, "436621", "{\n}", null, "..", "1947", "Ciudad Universitaria", "..", "..", "1947.02", "Escuela", "Instituto de Geofísica", "Full", "19.326766", "-99.176202", [ null, "19.326766", "-99.176202", null, false ], null ]
, [ 182, "E073955E-F3C8-427D-BC25-C95031BD3AED", 182, 1340413921, "436621", 1340413921, "436621", "{\n}", null, null, "1991", "Ciudad Universitaria", "..", "..", "1991.04", "Bell", "Tienda UNAM", "Full", "19.320989", "-99.175536", [ null, "19.320989", "-99.175536", null, false ], null ]
, [ 183, "42AD8AFF-1D60-4B6F-96C0-90654409D752", 183, 1340413921, "436621", 1340413921, "436621", "{\n}", "..", "..", "1990", "Ciudad Universitaria", "..", "..", "2009.01", "Escuela", "Facultad de Ingeniería", "Limited", "19.331658", "-99.184728", [ null, "19.331658", "-99.184728", null, false ], null ]
, [ 184, "29022EE3-0603-49C0-8A07-8E8BB29B03FA", 184, 1340413921, "436621", 1340413921, "436621", "{\n}", "Bronzemen", "..", "2009", "Ciudad Universitaria", "..", "..", "2009.02", "Sculpture", "Facultad de Contaduria", "Limited", "19.324181", "-99.184576", [ null, "19.324181", "-99.184576", null, false ], null ]
, [ 185, "A2DCFA86-E33A-4B8B-B748-0B3F18388193", 185, 1340413921, "436621", 1340413921, "436621", "{\n}", null, null, "1972", "Ciudad Universitaria", "..", "..", "1972.01", "Escuela", "Facultad de Química", "Full", "19.331928", "-99.181250", [ null, "19.331928", "-99.181250", null, false ], null ]
, [ 186, "BCBB1EF1-E2FC-414B-88E3-2F9FE5B3AFA3", 186, 1340413921, "436621", 1340413921, "436621", "{\n}", "..", "..", null, "Ciudad Universitaria.", "..", "..", "2009.04", "Escuela", "Facultad de Ciencias", "Limited", "19.324039", "-99.180181", [ null, "19.324039", "-99.180181", null, false ], null ]
, [ 187, "B829890A-6922-47FE-9892-4527AFA8A50B", 187, 1340413921, "436621", 1340413921, "436621", "{\n}", "..", null, "1932", "Ciudad Universitaria", "..", "..", "1932.01", "Facultad", "Facultad de Derecho", "Full", "19.334586", "-99.184907", [ null, "19.334586", "-99.184907", null, false ], null ], [ 188, "9AB952EE-1CCF-4D07-A61D-839303E31F66", 188, 1340413921, "436621", 1340413921, "436621", "{\n}", null, null, "1955", "Ciudad Universitaria", "..", "..", "1955.02", "Facultad", "Facultad de Filosofia y Letras", "Limited", "19.334006", "-99.186840", [ null, "19.334006", "-99.186840", null, false ], null ]

, [ 189, "856DC66A-A002-4A1F-B75D-1131F7F1E6B5", 189, 1340413921, "436621", 1340413921, "436621", "{\n}", null, "..", "2005", "Ciudad Universitaria", "..", "..", "2005.15", "Facultad", "Facultad de Arquitectura", "Limited", "19.331160", "-99.186534", [ null, "19.331160", "-99.186534", null, false ], null ]

, [ 190, "48AB45F8-1250-4A57-BA8F-84130D44F00B", 190, 1340413921, "436621", 1340413921, "436621", "{\n}", "..", "..", "2009", "Ciudad Universitaria", "..", "..", "2010.01", "Anexo", "Anexo de Ingenieria", "Limited", "19.326583", "-99.181535", [ null, "19.326583", "-99.181535", null, false ], null ]
, [ 191, "88BA0954-2A95-4193-BA16-17B0D14D72E5", 191, 1340413921, "436621", 1340413921, "436621", "{\n}", "..", "..", "2011", "Ciudad Universitaria", "..", "..", "2010.02", "Facultad", "Facultad de Veterinaria", "Limited", "19.329494", "-99.177313", [ null, "19.329494", "-99.177313", null, false ], null ]
, [ 192, "7C9CA2AE-6433-4495-9D1C-F19728303415", 192, 1340413921, "436621", 1340413921, "436621", "{\n}", "..", "..", "2010", "Ciudad Universitaria", "..", "..", "2010.04", "Facultad", "Facultad de Medicina", "Full", "19.333123", "-99.180259", [ null, "19.333123", "-99.180259", null, false ], null ]
, [ 193, "9CEE7D98-3155-4A89-B13E-F1E853C2319B", 193, 1340413921, "436621", 1340413921, "436621", "{\n}", "..", "..", "2004", "Ciudad Universitaria", "..", "..", "2004.06", "Museo", "Universum", "Full", "19.311430", "-99.180580", [ null, "19.311430", "-99.180580", null, false ], null ]
, [ 194, "5218FE40-426F-4A06-9D92-3B8C45E178D0", 194, 1340413921, "436621", 1340413921, "436621", "{\n}", null, null, "1975", "Ciudad Universitaria", "..", "..", "1975.67", "Reserva", "Reserva Ecológica del Pedregal de San Angel", "Limited", "19.314288", "-99.176426", [ null, "19.314288", "-99.176426", null, false ], null ]
, [ 195, "4915D5F1-D170-40DE-8D7A-60C973DDB879", 195, 1340413921, "436621", 1340413921, "436621", "{\n}", null, null, "1982", "Ciudad Universitaria", "..", "..", "1982.03", "Filmoteca", "Filmoteca UNAM", "Limited", "19.319571", "-99.175551", [ null, "19.319571", "-99.175551", null, false ], null ]
, [ 196, "0C55841F-EEFE-4A96-800D-7B500DD16377", 196, 1340413921, "436621", 1340413921, "436621", "{\n}", null, null, "19919", "Ciudad Universitaria", "..", "..", "1991.05", "Museo", "Museo de Anatomía Patológica", "Limited", "19.330898", "-99.177767", [ null, "19.330898", "-99.177767", null, false ], null ]
, [ 197, "E8F9A3D2-0A86-47D1-BE40-39052CD9759F", 197, 1340413921, "436621", 1340413921, "436621", "{\n}", null, null, "1987", "Ciudad Universitaria", "..", "..", "1987.16", "Museo", "Museo de Morfología", "Limited", "19.328688", "-99.177408", [ null, "19.328688", "-99.177408", null, false ], null ]
, [ 198, "9E5E1F28-22AF-459A-841E-5E89B022505E", 198, 1340413921, "436621", 1340413921, "436621", "{\n}", null, null, "1933", "Ciudad Universitaria", "..", "..", "1933.01", "Hospital", "Hospital UNAM", "Full", "19.325760", "-99.174470", [ null, "19.325760", "-99.174470", null, false ], null ]
, [ 199, "1C248F2D-27F5-405A-9BAD-FE2EB636F788", 199, 1340413921, "436621", 1340413921, "436621", "{\n}", null, "..", "2010", "Ciudad Universitaria", "..", "..", "2011.01", "Biblioteca", "Biblioteca Central", "Limited", "19.333386", "-99.187339", [ null, "19.333386", "-99.187339", null, false ], null ]
, [ 200, "C35BA523-01F2-477F-B8F2-BFE1CFF751A6", 200, 1340413921, "436621", 1340413921, "436621", "{\n}", null, "..", "1938", "Ciudad Universitaria", "..", "..", "1938.01", "Servicio", "Servicio Sismológico Nacional", "Full", "19.327324", "-99.176909", [ null, "19.327324", "-99.176909", null, false ], null ]
 ]

}
